,Fecha,Producto,Cantidad,Precio Unitario,Total Venta,Fecha_convertida,Mes
0,1/17/2023,Electrónic,7,200,1400,,
1,9/1/2023,Electrónic,8,200,1600,2023-01-09,1.0
2,7/29/2023,Juguetes,3,30,90,,
3,10/4/2023,Alimentos,4,10,40,2023-04-10,4.0
4,2/28/2023,Electrónic,6,200,1200,,
5,3/11/2023,Ropa,9,50,450,2023-11-03,11.0
6,11/3/2023,Juguetes,4,30,120,2023-03-11,3.0
7,11/8/2023,Ropa,9,50,450,2023-08-11,8.0
8,3/22/2023,Ropa,10,50,500,,
9,9/29/2023,Ropa,1,50,50,,
10,9/12/2023,Alimentos,2,10,20,2023-12-09,12.0
11,1/25/2023,Juguetes,3,30,90,,
12,11/21/2023,Alimentos,3,10,30,,
13,5/27/2023,Alimentos,2,10,20,,
14,1/19/2023,Juguetes,10,30,300,,
15,12/5/2023,Libros,4,20,80,2023-05-12,5.0
16,6/5/2023,Alimentos,6,10,60,2023-05-06,5.0
17,5/19/2023,Libros,10,20,200,,
18,1/20/2023,Alimentos,9,10,90,,
19,6/18/2023,Electrónic,9,200,1800,,
20,11/21/2023,Alimentos,1,10,10,,
21,5/1/2023,Electrónic,10,200,2000,2023-01-05,1.0
22,2/10/2023,Juguetes,1,30,30,2023-10-02,10.0
23,7/27/2023,Libros,3,20,60,,
24,9/13/2023,Alimentos,8,10,80,,
25,9/11/2023,Juguetes,6,30,180,2023-11-09,11.0
26,12/10/2023,Libros,1,20,20,2023-10-12,10.0
27,7/23/2023,Libros,1,20,20,,
28,1/17/2023,Libros,9,20,180,,
29,5/19/2023,Ropa,10,50,500,,
30,5/9/2023,Juguetes,8,30,240,2023-09-05,9.0
31,2/21/2023,Juguetes,8,30,240,,
32,6/1/2023,Alimentos,1,10,10,2023-01-06,1.0
33,4/2/2023,Ropa,6,50,300,2023-02-04,2.0
34,8/21/2023,Libros,3,20,60,,
35,9/12/2023,Juguetes,1,30,30,2023-12-09,12.0
36,2/17/2023,Libros,6,20,120,,
37,11/19/2023,Electrónic,4,200,800,,
38,6/28/2023,Electrónic,8,200,1600,,
39,3/20/2023,Juguetes,2,30,60,,
40,6/1/2023,Juguetes,4,30,120,2023-01-06,1.0
41,11/19/2023,Electrónic,10,200,2000,,
42,10/18/2023,Ropa,4,50,200,,
43,4/11/2023,Alimentos,6,10,60,2023-11-04,11.0
44,10/20/2023,Alimentos,4,10,40,,
45,11/20/2023,Juguetes,8,30,240,,
46,5/4/2023,Alimentos,6,10,60,2023-04-05,4.0
47,8/8/2023,Electrónic,10,200,2000,2023-08-08,8.0
48,1/7/2023,Libros,4,20,80,2023-07-01,7.0
49,12/5/2023,Electrónic,1,200,200,2023-05-12,5.0
50,3/18/2023,Libros,7,20,140,,
51,6/7/2023,Electrónic,2,200,400,2023-07-06,7.0
52,5/17/2023,Juguetes,6,30,180,,
53,8/20/2023,Libros,4,20,80,,
54,6/1/2023,Ropa,4,50,200,2023-01-06,1.0
55,12/23/2023,Ropa,5,50,250,,
56,11/11/2023,Alimentos,1,10,10,2023-11-11,11.0
57,9/28/2023,Libros,8,20,160,,
58,8/4/2023,Alimentos,9,10,90,2023-04-08,4.0
59,2/14/2023,Libros,4,20,80,,
60,8/12/2023,Juguetes,6,30,180,2023-12-08,12.0
61,10/9/2023,Juguetes,6,30,180,2023-09-10,9.0
62,11/8/2023,Libros,5,20,100,2023-08-11,8.0
63,8/24/2023,Ropa,3,50,150,,
64,10/17/2023,Juguetes,9,30,270,,
65,7/26/2023,Libros,10,20,200,,
66,8/13/2023,Electrónic,10,200,2000,,
67,10/18/2023,Libros,3,20,60,,
68,8/18/2023,Libros,8,20,160,,
69,9/17/2023,Electrónic,6,200,1200,,
70,10/14/2023,Ropa,9,50,450,,
71,11/7/2023,Ropa,7,50,350,2023-07-11,7.0
72,3/6/2023,Juguetes,2,30,60,2023-06-03,6.0
73,7/31/2023,Ropa,2,50,100,,
74,6/28/2023,Libros,8,20,160,,
75,1/12/2023,Electrónic,4,200,800,2023-12-01,12.0
76,9/15/2023,Juguetes,6,30,180,,
77,12/3/2023,Ropa,6,50,300,2023-03-12,3.0
78,6/15/2023,Electrónic,5,200,1000,,
79,12/9/2023,Electrónic,4,200,800,2023-09-12,9.0
80,5/3/2023,Alimentos,8,10,80,2023-03-05,3.0
81,7/2/2023,Juguetes,4,30,120,2023-02-07,2.0
82,12/18/2023,Libros,5,20,100,,
83,8/6/2023,Electrónic,6,200,1200,2023-06-08,6.0
84,6/15/2023,Alimentos,10,10,100,,
85,8/25/2023,Juguetes,1,30,30,,
86,8/11/2023,Juguetes,1,30,30,2023-11-08,11.0
87,1/30/2023,Electrónic,10,200,2000,,
88,6/5/2023,Electrónic,6,200,1200,2023-05-06,5.0
89,6/12/2023,Electrónic,1,200,200,2023-12-06,12.0
90,4/26/2023,Electrónic,7,200,1400,,
91,7/9/2023,Ropa,7,50,350,2023-09-07,9.0
92,7/30/2023,Ropa,5,50,250,,
93,10/19/2023,Libros,5,20,100,,
94,11/9/2023,Juguetes,7,30,210,2023-09-11,9.0
95,11/13/2023,Electrónic,9,200,1800,,
96,7/14/2023,Electrónic,8,200,1600,,
97,1/2/2023,Electrónic,5,200,1000,2023-02-01,2.0
98,5/20/2023,Juguetes,3,30,90,,
99,1/5/2023,Alimentos,8,10,80,2023-05-01,5.0
100,1/2/2023,Libros,10,20,200,2023-02-01,2.0
101,12/24/2023,Ropa,8,50,400,,
102,2/24/2023,Juguetes,1,30,30,,
103,8/12/2023,Libros,2,20,40,2023-12-08,12.0
104,1/21/2023,Ropa,3,50,150,,
105,1/9/2023,Alimentos,9,10,90,2023-09-01,9.0
106,7/30/2023,Juguetes,1,30,30,,
107,7/20/2023,Electrónic,9,200,1800,,
108,3/5/2023,Alimentos,2,10,20,2023-05-03,5.0
109,8/9/2023,Juguetes,2,30,60,2023-09-08,9.0
110,12/11/2023,Alimentos,6,10,60,2023-11-12,11.0
111,5/22/2023,Libros,1,20,20,,
112,7/22/2023,Electrónic,5,200,1000,,
113,6/3/2023,Libros,1,20,20,2023-03-06,3.0
114,9/2/2023,Juguetes,5,30,150,2023-02-09,2.0
115,8/12/2023,Alimentos,10,10,100,2023-12-08,12.0
116,7/14/2023,Ropa,10,50,500,,
117,10/12/2023,Alimentos,3,10,30,2023-12-10,12.0
118,5/25/2023,Libros,9,20,180,,
119,9/15/2023,Libros,3,20,60,,
120,1/18/2023,Ropa,10,50,500,,
121,1/25/2023,Ropa,10,50,500,,
122,9/7/2023,Electrónic,7,200,1400,2023-07-09,7.0
123,2/7/2023,Electrónic,4,200,800,2023-07-02,7.0
124,10/26/2023,Ropa,3,50,150,,
125,4/14/2023,Libros,8,20,160,,
126,3/5/2023,Alimentos,5,10,50,2023-05-03,5.0
127,12/15/2023,Juguetes,7,30,210,,
128,9/14/2023,Juguetes,3,30,90,,
129,10/12/2023,Juguetes,1,30,30,2023-12-10,12.0
130,7/18/2023,Alimentos,7,10,70,,
131,7/27/2023,Juguetes,2,30,60,,
132,5/25/2023,Electrónic,6,200,1200,,
133,10/3/2023,Electrónic,6,200,1200,2023-03-10,3.0
134,11/27/2023,Libros,3,20,60,,
135,6/24/2023,Libros,10,20,200,,
136,3/5/2023,Juguetes,3,30,90,2023-05-03,5.0
137,6/29/2023,Ropa,3,50,150,,
138,2/24/2023,Libros,4,20,80,,
139,1/30/2023,Electrónic,3,200,600,,
140,10/4/2023,Juguetes,2,30,60,2023-04-10,4.0
141,10/6/2023,Ropa,3,50,150,2023-06-10,6.0
142,6/24/2023,Electrónic,7,200,1400,,
143,4/20/2023,Ropa,7,50,350,,
144,3/10/2023,Electrónic,2,200,400,2023-10-03,10.0
145,1/5/2023,Ropa,3,50,150,2023-05-01,5.0
146,5/29/2023,Juguetes,7,30,210,,
147,8/8/2023,Juguetes,1,30,30,2023-08-08,8.0
148,8/9/2023,Juguetes,9,30,270,2023-09-08,9.0
149,12/18/2023,Ropa,1,50,50,,
150,9/17/2023,Alimentos,7,10,70,,
151,2/5/2023,Alimentos,5,10,50,2023-05-02,5.0
152,10/24/2023,Alimentos,7,10,70,,
153,10/17/2023,Electrónic,3,200,600,,
154,12/28/2023,Ropa,5,50,250,,
155,11/5/2023,Electrónic,7,200,1400,2023-05-11,5.0
156,7/8/2023,Juguetes,5,30,150,2023-08-07,8.0
157,1/31/2023,Ropa,1,50,50,,
158,7/17/2023,Alimentos,5,10,50,,
159,8/13/2023,Alimentos,7,10,70,,
160,10/5/2023,Juguetes,4,30,120,2023-05-10,5.0
161,10/8/2023,Ropa,8,50,400,2023-08-10,8.0
162,7/13/2023,Juguetes,2,30,60,,
163,1/14/2023,Alimentos,10,10,100,,
164,3/19/2023,Electrónic,6,200,1200,,
165,6/1/2023,Alimentos,2,10,20,2023-01-06,1.0
166,3/17/2023,Ropa,1,50,50,,
167,1/10/2023,Juguetes,5,30,150,2023-10-01,10.0
168,11/21/2023,Juguetes,9,30,270,,
169,12/14/2023,Juguetes,1,30,30,,
170,5/19/2023,Libros,8,20,160,,
171,2/26/2023,Electrónic,4,200,800,,
172,6/9/2023,Libros,2,20,40,2023-09-06,9.0
173,1/7/2023,Libros,2,20,40,2023-07-01,7.0
174,10/4/2023,Libros,1,20,20,2023-04-10,4.0
175,4/15/2023,Alimentos,10,10,100,,
176,10/2/2023,Juguetes,10,30,300,2023-02-10,2.0
177,7/1/2023,Alimentos,8,10,80,2023-01-07,1.0
178,12/27/2023,Ropa,8,50,400,,
179,10/24/2023,Ropa,10,50,500,,
180,1/22/2023,Electrónic,4,200,800,,
181,2/3/2023,Alimentos,4,10,40,2023-03-02,3.0
182,9/23/2023,Libros,8,20,160,,
183,5/28/2023,Juguetes,5,30,150,,
184,8/19/2023,Alimentos,8,10,80,,
185,11/22/2023,Alimentos,7,10,70,,
186,12/23/2023,Ropa,1,50,50,,
187,12/12/2023,Juguetes,7,30,210,2023-12-12,12.0
188,6/29/2023,Alimentos,10,10,100,,
189,6/27/2023,Juguetes,10,30,300,,
190,11/26/2023,Libros,8,20,160,,
191,6/22/2023,Juguetes,3,30,90,,
192,5/17/2023,Juguetes,7,30,210,,
193,7/23/2023,Ropa,9,50,450,,
194,8/29/2023,Electrónic,3,200,600,,
195,5/21/2023,Alimentos,6,10,60,,
196,7/31/2023,Ropa,5,50,250,,
197,3/5/2023,Ropa,1,50,50,2023-05-03,5.0
198,10/26/2023,Juguetes,1,30,30,,
199,4/10/2023,Alimentos,5,10,50,2023-10-04,10.0
200,1/26/2023,Electrónic,10,200,2000,,
201,12/13/2023,Ropa,10,50,500,,
202,1/19/2023,Electrónic,10,200,2000,,
203,7/9/2023,Electrónic,3,200,600,2023-09-07,9.0
204,10/1/2023,Alimentos,2,10,20,2023-01-10,1.0
205,8/19/2023,Electrónic,8,200,1600,,
206,7/3/2023,Alimentos,2,10,20,2023-03-07,3.0
207,8/19/2023,Electrónic,2,200,400,,
208,8/1/2023,Libros,3,20,60,2023-01-08,1.0
209,4/3/2023,Alimentos,1,10,10,2023-03-04,3.0
210,7/8/2023,Ropa,8,50,400,2023-08-07,8.0
211,8/27/2023,Electrónic,2,200,400,,
212,2/11/2023,Libros,3,20,60,2023-11-02,11.0
213,11/19/2023,Juguetes,2,30,60,,
214,1/6/2023,Libros,1,20,20,2023-06-01,6.0
215,5/30/2023,Electrónic,5,200,1000,,
216,7/12/2023,Juguetes,3,30,90,2023-12-07,12.0
217,6/26/2023,Electrónic,4,200,800,,
218,12/1/2023,Ropa,7,50,350,2023-01-12,1.0
219,4/21/2023,Electrónic,5,200,1000,,
220,12/2/2023,Electrónic,6,200,1200,2023-02-12,2.0
221,5/14/2023,Juguetes,8,30,240,,
222,1/2/2023,Libros,6,20,120,2023-02-01,2.0
223,4/27/2023,Electrónic,3,200,600,,
224,9/7/2023,Libros,9,20,180,2023-07-09,7.0
225,8/3/2023,Electrónic,6,200,1200,2023-03-08,3.0
226,3/6/2023,Ropa,2,50,100,2023-06-03,6.0
227,7/4/2023,Electrónic,3,200,600,2023-04-07,4.0
228,9/20/2023,Juguetes,3,30,90,,
229,9/26/2023,Alimentos,10,10,100,,
230,11/9/2023,Ropa,1,50,50,2023-09-11,9.0
231,7/8/2023,Ropa,3,50,150,2023-08-07,8.0
232,9/14/2023,Electrónic,1,200,200,,
233,7/5/2023,Juguetes,4,30,120,2023-05-07,5.0
234,11/5/2023,Libros,6,20,120,2023-05-11,5.0
235,7/14/2023,Alimentos,6,10,60,,
236,8/17/2023,Libros,4,20,80,,
237,12/6/2023,Electrónic,9,200,1800,2023-06-12,6.0
238,6/2/2023,Libros,8,20,160,2023-02-06,2.0
239,2/28/2023,Electrónic,5,200,1000,,
240,4/24/2023,Libros,10,20,200,,
241,9/4/2023,Libros,5,20,100,2023-04-09,4.0
242,10/5/2023,Alimentos,7,10,70,2023-05-10,5.0
243,1/5/2023,Ropa,1,50,50,2023-05-01,5.0
244,3/1/2023,Electrónic,4,200,800,2023-01-03,1.0
245,8/9/2023,Electrónic,8,200,1600,2023-09-08,9.0
246,9/1/2023,Ropa,7,50,350,2023-01-09,1.0
247,7/12/2023,Alimentos,7,10,70,2023-12-07,12.0
248,7/12/2023,Ropa,6,50,300,2023-12-07,12.0
249,1/15/2023,Ropa,6,50,300,,
250,12/6/2023,Juguetes,1,30,30,2023-06-12,6.0
251,10/24/2023,Juguetes,10,30,300,,
252,5/1/2023,Alimentos,2,10,20,2023-01-05,1.0
253,11/21/2023,Libros,8,20,160,,
254,3/6/2023,Ropa,4,50,200,2023-06-03,6.0
255,4/8/2023,Juguetes,9,30,270,2023-08-04,8.0
256,4/19/2023,Juguetes,9,30,270,,
257,4/30/2023,Electrónic,7,200,1400,,
258,1/27/2023,Libros,1,20,20,,
259,3/30/2023,Libros,5,20,100,,
260,10/23/2023,Libros,3,20,60,,
261,10/26/2023,Ropa,3,50,150,,
262,3/11/2023,Juguetes,1,30,30,2023-11-03,11.0
263,4/4/2023,Juguetes,5,30,150,2023-04-04,4.0
264,12/19/2023,Juguetes,9,30,270,,
265,5/1/2023,Libros,2,20,40,2023-01-05,1.0
266,12/23/2023,Electrónic,4,200,800,,
267,8/22/2023,Libros,2,20,40,,
268,1/9/2023,Ropa,9,50,450,2023-09-01,9.0
269,9/18/2023,Ropa,10,50,500,,
270,7/28/2023,Libros,2,20,40,,
271,7/26/2023,Electrónic,7,200,1400,,
272,10/29/2023,Libros,4,20,80,,
273,11/4/2023,Juguetes,8,30,240,2023-04-11,4.0
274,7/14/2023,Alimentos,4,10,40,,
275,8/9/2023,Libros,8,20,160,2023-09-08,9.0
276,9/19/2023,Juguetes,4,30,120,,
277,2/7/2023,Alimentos,8,10,80,2023-07-02,7.0
278,3/19/2023,Juguetes,3,30,90,,
279,9/13/2023,Alimentos,5,10,50,,
280,12/27/2023,Libros,4,20,80,,
281,4/10/2023,Ropa,5,50,250,2023-10-04,10.0
282,6/30/2023,Electrónic,7,200,1400,,
283,1/31/2023,Electrónic,7,200,1400,,
284,11/29/2023,Alimentos,7,10,70,,
285,8/12/2023,Alimentos,6,10,60,2023-12-08,12.0
286,2/14/2023,Ropa,3,50,150,,
287,12/2/2023,Juguetes,6,30,180,2023-02-12,2.0
288,8/5/2023,Juguetes,10,30,300,2023-05-08,5.0
289,7/21/2023,Alimentos,5,10,50,,
290,5/22/2023,Libros,10,20,200,,
291,5/17/2023,Alimentos,1,10,10,,
292,9/28/2023,Electrónic,6,200,1200,,
293,7/20/2023,Electrónic,7,200,1400,,
294,3/16/2023,Electrónic,1,200,200,,
295,5/8/2023,Electrónic,2,200,400,2023-08-05,8.0
296,7/21/2023,Ropa,3,50,150,,
297,9/27/2023,Electrónic,8,200,1600,,
298,8/24/2023,Electrónic,7,200,1400,,
299,7/30/2023,Juguetes,7,30,210,,
300,6/27/2023,Libros,7,20,140,,
301,12/14/2023,Juguetes,6,30,180,,
302,5/2/2023,Alimentos,3,10,30,2023-02-05,2.0
303,10/6/2023,Libros,7,20,140,2023-06-10,6.0
304,12/13/2023,Alimentos,9,10,90,,
305,8/10/2023,Ropa,7,50,350,2023-10-08,10.0
306,9/22/2023,Electrónic,5,200,1000,,
307,9/3/2023,Electrónic,7,200,1400,2023-03-09,3.0
308,5/4/2023,Electrónic,5,200,1000,2023-04-05,4.0
309,2/10/2023,Alimentos,3,10,30,2023-10-02,10.0
310,6/13/2023,Alimentos,1,10,10,,
311,7/27/2023,Electrónic,6,200,1200,,
312,4/8/2023,Libros,1,20,20,2023-08-04,8.0
313,2/7/2023,Alimentos,1,10,10,2023-07-02,7.0
314,2/23/2023,Alimentos,10,10,100,,
315,8/20/2023,Libros,9,20,180,,
316,2/12/2023,Alimentos,8,10,80,2023-12-02,12.0
317,11/3/2023,Ropa,2,50,100,2023-03-11,3.0
318,5/27/2023,Electrónic,10,200,2000,,
319,4/11/2023,Alimentos,6,10,60,2023-11-04,11.0
320,12/3/2023,Alimentos,5,10,50,2023-03-12,3.0
321,12/28/2023,Alimentos,9,10,90,,
322,7/21/2023,Ropa,10,50,500,,
323,8/29/2023,Electrónic,6,200,1200,,
324,12/20/2023,Libros,5,20,100,,
325,2/19/2023,Electrónic,4,200,800,,
326,1/6/2023,Libros,1,20,20,2023-06-01,6.0
327,7/2/2023,Juguetes,3,30,90,2023-02-07,2.0
328,12/3/2023,Alimentos,1,10,10,2023-03-12,3.0
329,5/11/2023,Electrónic,7,200,1400,2023-11-05,11.0
330,3/29/2023,Libros,9,20,180,,
331,10/29/2023,Juguetes,2,30,60,,
332,4/23/2023,Juguetes,10,30,300,,
333,7/25/2023,Juguetes,7,30,210,,
334,12/5/2023,Electrónic,9,200,1800,2023-05-12,5.0
335,7/10/2023,Alimentos,10,10,100,2023-10-07,10.0
336,11/13/2023,Libros,9,20,180,,
337,7/26/2023,Ropa,10,50,500,,
338,8/29/2023,Electrónic,8,200,1600,,
339,1/11/2023,Libros,8,20,160,2023-11-01,11.0
340,12/20/2023,Juguetes,4,30,120,,
341,3/25/2023,Libros,7,20,140,,
342,3/23/2023,Ropa,8,50,400,,
343,5/18/2023,Juguetes,5,30,150,,
344,8/2/2023,Electrónic,2,200,400,2023-02-08,2.0
345,12/11/2023,Ropa,5,50,250,2023-11-12,11.0
346,2/1/2023,Juguetes,9,30,270,2023-01-02,1.0
347,12/12/2023,Alimentos,10,10,100,2023-12-12,12.0
348,2/9/2023,Electrónic,10,200,2000,2023-09-02,9.0
349,12/24/2023,Libros,8,20,160,,
350,9/6/2023,Alimentos,6,10,60,2023-06-09,6.0
351,8/28/2023,Ropa,6,50,300,,
352,1/15/2023,Ropa,2,50,100,,
353,5/4/2023,Ropa,1,50,50,2023-04-05,4.0
354,6/29/2023,Ropa,4,50,200,,
355,4/29/2023,Libros,6,20,120,,
356,10/28/2023,Alimentos,10,10,100,,
357,1/30/2023,Juguetes,10,30,300,,
358,2/19/2023,Alimentos,4,10,40,,
359,2/1/2023,Electrónic,10,200,2000,2023-01-02,1.0
360,9/4/2023,Ropa,1,50,50,2023-04-09,4.0
361,6/29/2023,Alimentos,10,10,100,,
362,4/29/2023,Alimentos,8,10,80,,
363,11/11/2023,Alimentos,1,10,10,2023-11-11,11.0
364,4/3/2023,Ropa,7,50,350,2023-03-04,3.0
365,12/13/2023,Juguetes,8,30,240,,
366,7/11/2023,Alimentos,10,10,100,2023-11-07,11.0
367,7/1/2023,Electrónic,1,200,200,2023-01-07,1.0
368,4/1/2023,Ropa,7,50,350,2023-01-04,1.0
369,6/30/2023,Ropa,1,50,50,,
370,1/27/2023,Ropa,7,50,350,,
371,11/26/2023,Juguetes,8,30,240,,
372,8/17/2023,Alimentos,5,10,50,,
373,11/3/2023,Alimentos,9,10,90,2023-03-11,3.0
374,1/1/2023,Alimentos,3,10,30,2023-01-01,1.0
375,7/20/2023,Alimentos,4,10,40,,
376,4/21/2023,Electrónic,7,200,1400,,
377,8/10/2023,Libros,9,20,180,2023-10-08,10.0
378,6/18/2023,Alimentos,9,10,90,,
379,7/16/2023,Electrónic,9,200,1800,,
380,1/19/2023,Libros,7,20,140,,
381,5/15/2023,Alimentos,6,10,60,,
382,8/2/2023,Electrónic,1,200,200,2023-02-08,2.0
383,10/12/2023,Juguetes,1,30,30,2023-12-10,12.0
384,8/5/2023,Electrónic,4,200,800,2023-05-08,5.0
385,5/13/2023,Electrónic,7,200,1400,,
386,9/11/2023,Electrónic,7,200,1400,2023-11-09,11.0
387,12/20/2023,Juguetes,2,30,60,,
388,11/12/2023,Libros,1,20,20,2023-12-11,12.0
389,9/5/2023,Alimentos,1,10,10,2023-05-09,5.0
390,11/29/2023,Juguetes,3,30,90,,
391,9/30/2023,Electrónic,9,200,1800,,
392,9/27/2023,Libros,7,20,140,,
393,11/27/2023,Alimentos,1,10,10,,
394,6/28/2023,Libros,6,20,120,,
395,12/9/2023,Juguetes,5,30,150,2023-09-12,9.0
396,11/26/2023,Libros,7,20,140,,
397,10/8/2023,Electrónic,7,200,1400,2023-08-10,8.0
398,6/4/2023,Libros,3,20,60,2023-04-06,4.0
399,3/9/2023,Ropa,1,50,50,2023-09-03,9.0
400,7/10/2023,Libros,6,20,120,2023-10-07,10.0
401,5/14/2023,Libros,5,20,100,,
402,8/30/2023,Libros,5,20,100,,
403,2/27/2023,Ropa,10,50,500,,
404,11/26/2023,Libros,6,20,120,,
405,3/13/2023,Ropa,6,50,300,,
406,6/11/2023,Alimentos,9,10,90,2023-11-06,11.0
407,5/18/2023,Electrónic,3,200,600,,
408,1/9/2023,Ropa,9,50,450,2023-09-01,9.0
409,1/4/2023,Ropa,5,50,250,2023-04-01,4.0
410,5/5/2023,Ropa,5,50,250,2023-05-05,5.0
411,4/22/2023,Libros,7,20,140,,
412,4/2/2023,Juguetes,9,30,270,2023-02-04,2.0
413,4/17/2023,Juguetes,8,30,240,,
414,3/6/2023,Ropa,7,50,350,2023-06-03,6.0
415,9/26/2023,Juguetes,7,30,210,,
416,3/23/2023,Alimentos,5,10,50,,
417,2/3/2023,Electrónic,10,200,2000,2023-03-02,3.0
418,4/9/2023,Juguetes,8,30,240,2023-09-04,9.0
419,10/5/2023,Alimentos,10,10,100,2023-05-10,5.0
420,10/26/2023,Libros,4,20,80,,
421,3/31/2023,Alimentos,6,10,60,,
422,10/26/2023,Alimentos,8,10,80,,
423,5/8/2023,Electrónic,6,200,1200,2023-08-05,8.0
424,10/21/2023,Libros,2,20,40,,
425,3/21/2023,Electrónic,3,200,600,,
426,12/30/2023,Electrónic,3,200,600,,
427,3/18/2023,Alimentos,1,10,10,,
428,5/19/2023,Electrónic,7,200,1400,,
429,6/24/2023,Alimentos,9,10,90,,
430,7/20/2023,Electrónic,3,200,600,,
431,8/1/2023,Electrónic,4,200,800,2023-01-08,1.0
432,5/17/2023,Ropa,6,50,300,,
433,8/22/2023,Electrónic,10,200,2000,,
434,7/7/2023,Alimentos,7,10,70,2023-07-07,7.0
435,3/26/2023,Libros,6,20,120,,
436,5/18/2023,Juguetes,4,30,120,,
437,11/5/2023,Alimentos,6,10,60,2023-05-11,5.0
438,8/24/2023,Juguetes,6,30,180,,
439,12/12/2023,Electrónic,2,200,400,2023-12-12,12.0
440,2/17/2023,Alimentos,9,10,90,,
441,7/28/2023,Alimentos,10,10,100,,
442,4/20/2023,Juguetes,1,30,30,,
443,8/8/2023,Ropa,2,50,100,2023-08-08,8.0
444,5/27/2023,Libros,10,20,200,,
445,10/9/2023,Alimentos,4,10,40,2023-09-10,9.0
446,11/9/2023,Libros,5,20,100,2023-09-11,9.0
447,12/13/2023,Ropa,6,50,300,,
448,8/12/2023,Ropa,8,50,400,2023-12-08,12.0
449,3/22/2023,Juguetes,9,30,270,,
450,9/8/2023,Alimentos,7,10,70,2023-08-09,8.0
451,3/28/2023,Juguetes,8,30,240,,
452,8/1/2023,Ropa,10,50,500,2023-01-08,1.0
453,9/7/2023,Alimentos,10,10,100,2023-07-09,7.0
454,9/18/2023,Ropa,10,50,500,,
455,11/30/2023,Alimentos,1,10,10,,
456,8/14/2023,Electrónic,10,200,2000,,
457,9/27/2023,Electrónic,3,200,600,,
458,7/17/2023,Juguetes,8,30,240,,
459,5/1/2023,Juguetes,3,30,90,2023-01-05,1.0
460,4/27/2023,Ropa,2,50,100,,
461,6/30/2023,Juguetes,3,30,90,,
462,6/19/2023,Electrónic,9,200,1800,,
463,10/23/2023,Juguetes,9,30,270,,
464,3/21/2023,Alimentos,10,10,100,,
465,10/31/2023,Juguetes,9,30,270,,
466,10/1/2023,Libros,6,20,120,2023-01-10,1.0
467,2/26/2023,Electrónic,2,200,400,,
468,1/15/2023,Libros,9,20,180,,
469,9/29/2023,Juguetes,3,30,90,,
470,9/23/2023,Ropa,8,50,400,,
471,3/7/2023,Juguetes,7,30,210,2023-07-03,7.0
472,5/13/2023,Alimentos,2,10,20,,
473,5/8/2023,Electrónic,9,200,1800,2023-08-05,8.0
474,10/26/2023,Juguetes,7,30,210,,
475,11/2/2023,Libros,6,20,120,2023-02-11,2.0
476,3/1/2023,Ropa,4,50,200,2023-01-03,1.0
477,4/2/2023,Ropa,10,50,500,2023-02-04,2.0
478,1/23/2023,Electrónic,4,200,800,,
479,2/18/2023,Electrónic,2,200,400,,
480,5/14/2023,Electrónic,8,200,1600,,
481,5/26/2023,Alimentos,3,10,30,,
482,6/27/2023,Electrónic,9,200,1800,,
483,3/24/2023,Juguetes,6,30,180,,
484,9/5/2023,Libros,3,20,60,2023-05-09,5.0
485,11/23/2023,Alimentos,4,10,40,,
486,6/8/2023,Ropa,10,50,500,2023-08-06,8.0
487,3/1/2023,Libros,7,20,140,2023-01-03,1.0
488,4/26/2023,Electrónic,3,200,600,,
489,12/17/2023,Electrónic,6,200,1200,,
490,8/28/2023,Libros,6,20,120,,
491,12/22/2023,Ropa,4,50,200,,
492,12/14/2023,Juguetes,6,30,180,,
493,10/5/2023,Electrónic,2,200,400,2023-05-10,5.0
494,4/25/2023,Electrónic,7,200,1400,,
495,2/10/2023,Libros,10,20,200,2023-10-02,10.0
496,10/31/2023,Alimentos,6,10,60,,
497,10/7/2023,Alimentos,9,10,90,2023-07-10,7.0
498,4/10/2023,Alimentos,8,10,80,2023-10-04,10.0
499,8/10/2023,Ropa,5,50,250,2023-10-08,10.0
500,5/15/2023,Juguetes,10,30,300,,
501,9/6/2023,Juguetes,3,30,90,2023-06-09,6.0
502,11/13/2023,Alimentos,5,10,50,,
503,3/30/2023,Electrónic,1,200,200,,
504,5/14/2023,Electrónic,1,200,200,,
505,5/27/2023,Alimentos,1,10,10,,
506,12/9/2023,Electrónic,7,200,1400,2023-09-12,9.0
507,12/7/2023,Juguetes,6,30,180,2023-07-12,7.0
508,1/12/2023,Libros,3,20,60,2023-12-01,12.0
509,3/30/2023,Ropa,6,50,300,,
510,12/25/2023,Electrónic,1,200,200,,
511,8/8/2023,Ropa,5,50,250,2023-08-08,8.0
512,12/4/2023,Alimentos,3,10,30,2023-04-12,4.0
513,1/25/2023,Electrónic,2,200,400,,
514,5/14/2023,Electrónic,6,200,1200,,
515,5/21/2023,Electrónic,3,200,600,,
516,4/12/2023,Alimentos,3,10,30,2023-12-04,12.0
517,10/19/2023,Electrónic,10,200,2000,,
518,8/11/2023,Electrónic,5,200,1000,2023-11-08,11.0
519,9/5/2023,Juguetes,1,30,30,2023-05-09,5.0
520,5/29/2023,Alimentos,7,10,70,,
521,12/2/2023,Alimentos,3,10,30,2023-02-12,2.0
522,9/10/2023,Libros,3,20,60,2023-10-09,10.0
523,6/4/2023,Juguetes,5,30,150,2023-04-06,4.0
524,9/7/2023,Ropa,3,50,150,2023-07-09,7.0
525,4/11/2023,Alimentos,3,10,30,2023-11-04,11.0
526,4/20/2023,Juguetes,8,30,240,,
527,3/24/2023,Libros,10,20,200,,
528,10/29/2023,Alimentos,8,10,80,,
529,11/8/2023,Juguetes,10,30,300,2023-08-11,8.0
530,10/21/2023,Electrónic,10,200,2000,,
531,9/19/2023,Electrónic,9,200,1800,,
532,9/12/2023,Electrónic,2,200,400,2023-12-09,12.0
533,8/29/2023,Electrónic,2,200,400,,
534,1/24/2023,Electrónic,5,200,1000,,
535,2/18/2023,Libros,7,20,140,,
536,8/30/2023,Ropa,10,50,500,,
537,9/24/2023,Electrónic,1,200,200,,
538,6/11/2023,Electrónic,7,200,1400,2023-11-06,11.0
539,9/22/2023,Libros,3,20,60,,
540,8/9/2023,Alimentos,4,10,40,2023-09-08,9.0
541,10/14/2023,Ropa,2,50,100,,
542,5/3/2023,Electrónic,5,200,1000,2023-03-05,3.0
543,9/20/2023,Electrónic,1,200,200,,
544,3/8/2023,Electrónic,1,200,200,2023-08-03,8.0
545,6/5/2023,Juguetes,6,30,180,2023-05-06,5.0
546,11/20/2023,Electrónic,5,200,1000,,
547,6/25/2023,Electrónic,10,200,2000,,
548,12/31/2023,Electrónic,8,200,1600,,
549,12/8/2023,Electrónic,8,200,1600,2023-08-12,8.0
550,3/20/2023,Ropa,3,50,150,,
551,7/20/2023,Juguetes,7,30,210,,
552,2/28/2023,Electrónic,6,200,1200,,
553,1/8/2023,Electrónic,10,200,2000,2023-08-01,8.0
554,5/26/2023,Alimentos,8,10,80,,
555,5/25/2023,Electrónic,5,200,1000,,
556,1/19/2023,Ropa,7,50,350,,
557,7/8/2023,Libros,1,20,20,2023-08-07,8.0
558,4/24/2023,Ropa,7,50,350,,
559,6/17/2023,Ropa,9,50,450,,
560,7/22/2023,Libros,5,20,100,,
561,3/29/2023,Libros,8,20,160,,
562,2/26/2023,Electrónic,1,200,200,,
563,2/16/2023,Electrónic,1,200,200,,
564,6/4/2023,Juguetes,8,30,240,2023-04-06,4.0
565,10/8/2023,Ropa,3,50,150,2023-08-10,8.0
566,3/26/2023,Ropa,10,50,500,,
567,9/7/2023,Libros,5,20,100,2023-07-09,7.0
568,1/31/2023,Alimentos,8,10,80,,
569,1/12/2023,Juguetes,9,30,270,2023-12-01,12.0
570,12/15/2023,Electrónic,9,200,1800,,
571,3/28/2023,Libros,6,20,120,,
572,6/21/2023,Electrónic,7,200,1400,,
573,7/2/2023,Electrónic,3,200,600,2023-02-07,2.0
574,8/25/2023,Ropa,9,50,450,,
575,4/1/2023,Alimentos,5,10,50,2023-01-04,1.0
576,12/21/2023,Electrónic,4,200,800,,
577,4/5/2023,Libros,5,20,100,2023-05-04,5.0
578,4/4/2023,Electrónic,2,200,400,2023-04-04,4.0
579,8/7/2023,Juguetes,4,30,120,2023-07-08,7.0
580,4/5/2023,Juguetes,2,30,60,2023-05-04,5.0
581,2/5/2023,Electrónic,6,200,1200,2023-05-02,5.0
582,3/15/2023,Ropa,4,50,200,,
583,1/12/2023,Electrónic,10,200,2000,2023-12-01,12.0
584,10/18/2023,Juguetes,2,30,60,,
585,1/27/2023,Ropa,3,50,150,,
586,6/15/2023,Libros,10,20,200,,
587,6/18/2023,Ropa,2,50,100,,
588,1/7/2023,Libros,2,20,40,2023-07-01,7.0
589,10/7/2023,Electrónic,8,200,1600,2023-07-10,7.0
590,6/27/2023,Alimentos,1,10,10,,
591,3/9/2023,Electrónic,7,200,1400,2023-09-03,9.0
592,10/4/2023,Alimentos,2,10,20,2023-04-10,4.0
593,7/25/2023,Ropa,9,50,450,,
594,8/31/2023,Alimentos,8,10,80,,
595,2/1/2023,Libros,1,20,20,2023-01-02,1.0
596,2/19/2023,Libros,3,20,60,,
597,7/10/2023,Electrónic,5,200,1000,2023-10-07,10.0
598,5/15/2023,Electrónic,5,200,1000,,
599,10/13/2023,Ropa,1,50,50,,
600,8/18/2023,Ropa,10,50,500,,
601,9/19/2023,Juguetes,9,30,270,,
602,3/5/2023,Ropa,8,50,400,2023-05-03,5.0
603,9/4/2023,Electrónic,1,200,200,2023-04-09,4.0
604,6/5/2023,Juguetes,8,30,240,2023-05-06,5.0
605,5/20/2023,Ropa,5,50,250,,
606,9/10/2023,Ropa,10,50,500,2023-10-09,10.0
607,3/12/2023,Juguetes,10,30,300,2023-12-03,12.0
608,3/8/2023,Alimentos,3,10,30,2023-08-03,8.0
609,12/12/2023,Libros,10,20,200,2023-12-12,12.0
610,10/7/2023,Juguetes,1,30,30,2023-07-10,7.0
611,1/27/2023,Electrónic,4,200,800,,
612,1/14/2023,Libros,2,20,40,,
613,7/12/2023,Ropa,5,50,250,2023-12-07,12.0
614,11/20/2023,Ropa,1,50,50,,
615,8/10/2023,Libros,7,20,140,2023-10-08,10.0
616,4/20/2023,Juguetes,9,30,270,,
617,1/10/2023,Electrónic,8,200,1600,2023-10-01,10.0
618,4/16/2023,Juguetes,5,30,150,,
619,6/12/2023,Alimentos,8,10,80,2023-12-06,12.0
620,1/27/2023,Ropa,10,50,500,,
621,5/8/2023,Electrónic,3,200,600,2023-08-05,8.0
622,12/19/2023,Libros,10,20,200,,
623,8/28/2023,Ropa,8,50,400,,
624,3/19/2023,Alimentos,7,10,70,,
625,1/26/2023,Ropa,7,50,350,,
626,3/5/2023,Libros,6,20,120,2023-05-03,5.0
627,9/6/2023,Ropa,3,50,150,2023-06-09,6.0
628,7/29/2023,Ropa,1,50,50,,
629,4/27/2023,Alimentos,1,10,10,,
630,6/8/2023,Juguetes,4,30,120,2023-08-06,8.0
631,9/17/2023,Electrónic,3,200,600,,
632,9/2/2023,Alimentos,1,10,10,2023-02-09,2.0
633,2/7/2023,Alimentos,7,10,70,2023-07-02,7.0
634,4/25/2023,Electrónic,2,200,400,,
635,4/20/2023,Ropa,1,50,50,,
636,3/14/2023,Juguetes,7,30,210,,
637,8/28/2023,Alimentos,2,10,20,,
638,12/5/2023,Libros,4,20,80,2023-05-12,5.0
639,4/20/2023,Juguetes,3,30,90,,
640,2/17/2023,Electrónic,4,200,800,,
641,6/17/2023,Libros,2,20,40,,
642,7/4/2023,Electrónic,2,200,400,2023-04-07,4.0
643,10/8/2023,Ropa,3,50,150,2023-08-10,8.0
644,1/19/2023,Juguetes,6,30,180,,
645,5/1/2023,Libros,8,20,160,2023-01-05,1.0
646,9/13/2023,Ropa,9,50,450,,
647,10/4/2023,Ropa,5,50,250,2023-04-10,4.0
648,7/29/2023,Libros,4,20,80,,
649,1/5/2023,Ropa,9,50,450,2023-05-01,5.0
650,7/17/2023,Alimentos,3,10,30,,
651,7/9/2023,Libros,4,20,80,2023-09-07,9.0
652,2/4/2023,Alimentos,6,10,60,2023-04-02,4.0
653,3/9/2023,Ropa,3,50,150,2023-09-03,9.0
654,6/18/2023,Ropa,3,50,150,,
655,5/22/2023,Alimentos,9,10,90,,
656,7/19/2023,Ropa,1,50,50,,
657,11/21/2023,Ropa,8,50,400,,
658,8/22/2023,Electrónic,8,200,1600,,
659,5/3/2023,Ropa,4,50,200,2023-03-05,3.0
660,3/2/2023,Libros,2,20,40,2023-02-03,2.0
661,3/21/2023,Juguetes,10,30,300,,
662,3/29/2023,Ropa,4,50,200,,
663,9/13/2023,Juguetes,4,30,120,,
664,5/6/2023,Electrónic,1,200,200,2023-06-05,6.0
665,10/1/2023,Libros,5,20,100,2023-01-10,1.0
666,8/31/2023,Alimentos,9,10,90,,
667,6/12/2023,Juguetes,8,30,240,2023-12-06,12.0
668,1/25/2023,Libros,1,20,20,,
669,7/1/2023,Ropa,5,50,250,2023-01-07,1.0
670,3/28/2023,Libros,4,20,80,,
671,6/21/2023,Electrónic,8,200,1600,,
672,7/15/2023,Juguetes,3,30,90,,
673,2/28/2023,Libros,1,20,20,,
674,6/14/2023,Alimentos,7,10,70,,
675,11/15/2023,Libros,1,20,20,,
676,8/7/2023,Alimentos,5,10,50,2023-07-08,7.0
677,8/19/2023,Ropa,9,50,450,,
678,1/21/2023,Alimentos,1,10,10,,
679,6/29/2023,Ropa,10,50,500,,
680,1/19/2023,Ropa,3,50,150,,
681,11/4/2023,Libros,5,20,100,2023-04-11,4.0
682,5/12/2023,Electrónic,5,200,1000,2023-12-05,12.0
683,5/29/2023,Libros,2,20,40,,
684,8/14/2023,Juguetes,9,30,270,,
685,2/25/2023,Ropa,8,50,400,,
686,4/19/2023,Electrónic,3,200,600,,
687,10/8/2023,Juguetes,6,30,180,2023-08-10,8.0
688,11/25/2023,Juguetes,1,30,30,,
689,5/10/2023,Alimentos,8,10,80,2023-10-05,10.0
690,8/7/2023,Ropa,6,50,300,2023-07-08,7.0
691,12/5/2023,Libros,10,20,200,2023-05-12,5.0
692,9/8/2023,Libros,3,20,60,2023-08-09,8.0
693,5/8/2023,Alimentos,4,10,40,2023-08-05,8.0
694,4/17/2023,Juguetes,5,30,150,,
695,2/4/2023,Libros,2,20,40,2023-04-02,4.0
696,12/30/2023,Ropa,7,50,350,,
697,6/28/2023,Libros,2,20,40,,
698,4/25/2023,Alimentos,9,10,90,,
699,4/11/2023,Juguetes,4,30,120,2023-11-04,11.0
700,10/4/2023,Libros,4,20,80,2023-04-10,4.0
701,5/8/2023,Alimentos,4,10,40,2023-08-05,8.0
702,6/19/2023,Alimentos,3,10,30,,
703,4/20/2023,Alimentos,3,10,30,,
704,2/19/2023,Libros,1,20,20,,
705,12/16/2023,Libros,10,20,200,,
706,3/31/2023,Alimentos,4,10,40,,
707,10/11/2023,Ropa,10,50,500,2023-11-10,11.0
708,10/22/2023,Juguetes,1,30,30,,
709,10/1/2023,Ropa,2,50,100,2023-01-10,1.0
710,4/10/2023,Ropa,4,50,200,2023-10-04,10.0
711,4/28/2023,Alimentos,4,10,40,,
712,8/15/2023,Electrónic,1,200,200,,
713,11/22/2023,Alimentos,9,10,90,,
714,5/9/2023,Libros,4,20,80,2023-09-05,9.0
715,7/8/2023,Ropa,5,50,250,2023-08-07,8.0
716,8/21/2023,Alimentos,8,10,80,,
717,1/1/2023,Libros,8,20,160,2023-01-01,1.0
718,4/1/2023,Ropa,10,50,500,2023-01-04,1.0
719,8/8/2023,Alimentos,3,10,30,2023-08-08,8.0
720,10/6/2023,Ropa,1,50,50,2023-06-10,6.0
721,12/27/2023,Electrónic,8,200,1600,,
722,7/31/2023,Ropa,8,50,400,,
723,12/18/2023,Alimentos,9,10,90,,
724,12/26/2023,Ropa,7,50,350,,
725,1/27/2023,Juguetes,8,30,240,,
726,1/3/2023,Juguetes,8,30,240,2023-03-01,3.0
727,4/21/2023,Alimentos,3,10,30,,
728,11/20/2023,Alimentos,2,10,20,,
729,3/26/2023,Juguetes,5,30,150,,
730,2/9/2023,Juguetes,10,30,300,2023-09-02,9.0
731,5/14/2023,Electrónic,2,200,400,,
732,11/17/2023,Ropa,2,50,100,,
733,10/22/2023,Juguetes,10,30,300,,
734,12/9/2023,Alimentos,4,10,40,2023-09-12,9.0
735,11/3/2023,Juguetes,3,30,90,2023-03-11,3.0
736,12/10/2023,Alimentos,4,10,40,2023-10-12,10.0
737,7/15/2023,Electrónic,2,200,400,,
738,12/21/2023,Electrónic,6,200,1200,,
739,11/5/2023,Juguetes,4,30,120,2023-05-11,5.0
740,10/15/2023,Ropa,8,50,400,,
741,1/3/2023,Electrónic,9,200,1800,2023-03-01,3.0
742,2/14/2023,Libros,3,20,60,,
743,11/21/2023,Ropa,6,50,300,,
744,3/6/2023,Ropa,3,50,150,2023-06-03,6.0
745,7/12/2023,Libros,7,20,140,2023-12-07,12.0
746,7/20/2023,Alimentos,1,10,10,,
747,3/27/2023,Alimentos,8,10,80,,
748,6/25/2023,Alimentos,6,10,60,,
749,9/20/2023,Juguetes,5,30,150,,
750,10/9/2023,Electrónic,3,200,600,2023-09-10,9.0
751,10/1/2023,Electrónic,9,200,1800,2023-01-10,1.0
752,5/24/2023,Juguetes,4,30,120,,
753,10/21/2023,Alimentos,1,10,10,,
754,12/20/2023,Ropa,5,50,250,,
755,11/1/2023,Alimentos,4,10,40,2023-01-11,1.0
756,4/20/2023,Juguetes,10,30,300,,
757,4/1/2023,Alimentos,4,10,40,2023-01-04,1.0
758,8/19/2023,Libros,10,20,200,,
759,4/4/2023,Libros,8,20,160,2023-04-04,4.0
760,11/9/2023,Ropa,4,50,200,2023-09-11,9.0
761,9/25/2023,Ropa,6,50,300,,
762,4/26/2023,Libros,7,20,140,,
763,11/4/2023,Ropa,9,50,450,2023-04-11,4.0
764,11/22/2023,Juguetes,7,30,210,,
765,4/18/2023,Alimentos,10,10,100,,
766,8/23/2023,Electrónic,5,200,1000,,
767,4/30/2023,Electrónic,2,200,400,,
768,4/13/2023,Ropa,7,50,350,,
769,3/15/2023,Electrónic,9,200,1800,,
770,6/9/2023,Juguetes,9,30,270,2023-09-06,9.0
771,4/10/2023,Libros,9,20,180,2023-10-04,10.0
772,10/9/2023,Libros,6,20,120,2023-09-10,9.0
773,8/30/2023,Ropa,7,50,350,,
774,6/23/2023,Juguetes,1,30,30,,
775,7/29/2023,Juguetes,2,30,60,,
776,9/19/2023,Alimentos,10,10,100,,
777,8/29/2023,Juguetes,10,30,300,,
778,3/5/2023,Alimentos,6,10,60,2023-05-03,5.0
779,10/16/2023,Juguetes,10,30,300,,
780,5/17/2023,Libros,10,20,200,,
781,1/25/2023,Electrónic,7,200,1400,,
782,10/29/2023,Libros,6,20,120,,
783,8/4/2023,Ropa,8,50,400,2023-04-08,4.0
784,1/28/2023,Juguetes,1,30,30,,
785,8/27/2023,Alimentos,10,10,100,,
786,6/27/2023,Juguetes,1,30,30,,
787,3/10/2023,Juguetes,9,30,270,2023-10-03,10.0
788,4/13/2023,Libros,9,20,180,,
789,10/31/2023,Ropa,2,50,100,,
790,9/13/2023,Libros,1,20,20,,
791,10/29/2023,Ropa,6,50,300,,
792,9/28/2023,Alimentos,9,10,90,,
793,8/30/2023,Alimentos,5,10,50,,
794,1/8/2023,Alimentos,5,10,50,2023-08-01,8.0
795,8/5/2023,Alimentos,2,10,20,2023-05-08,5.0
796,1/12/2023,Juguetes,5,30,150,2023-12-01,12.0
797,4/11/2023,Juguetes,4,30,120,2023-11-04,11.0
798,4/12/2023,Juguetes,3,30,90,2023-12-04,12.0
799,8/11/2023,Alimentos,6,10,60,2023-11-08,11.0
800,6/17/2023,Alimentos,9,10,90,,
801,9/11/2023,Electrónic,7,200,1400,2023-11-09,11.0
802,8/8/2023,Electrónic,8,200,1600,2023-08-08,8.0
803,1/18/2023,Juguetes,3,30,90,,
804,1/16/2023,Libros,1,20,20,,
805,10/5/2023,Electrónic,1,200,200,2023-05-10,5.0
806,6/22/2023,Alimentos,9,10,90,,
807,1/12/2023,Electrónic,7,200,1400,2023-12-01,12.0
808,12/16/2023,Electrónic,5,200,1000,,
809,8/3/2023,Juguetes,3,30,90,2023-03-08,3.0
810,2/8/2023,Libros,4,20,80,2023-08-02,8.0
811,10/19/2023,Ropa,8,50,400,,
812,9/10/2023,Libros,4,20,80,2023-10-09,10.0
813,8/24/2023,Libros,6,20,120,,
814,2/28/2023,Ropa,8,50,400,,
815,12/23/2023,Alimentos,10,10,100,,
816,12/10/2023,Alimentos,6,10,60,2023-10-12,10.0
817,12/30/2023,Electrónic,4,200,800,,
818,3/13/2023,Libros,9,20,180,,
819,9/5/2023,Alimentos,10,10,100,2023-05-09,5.0
820,2/20/2023,Alimentos,5,10,50,,
821,11/28/2023,Juguetes,7,30,210,,
822,8/26/2023,Libros,5,20,100,,
823,3/5/2023,Ropa,7,50,350,2023-05-03,5.0
824,3/12/2023,Juguetes,7,30,210,2023-12-03,12.0
825,11/29/2023,Alimentos,10,10,100,,
826,4/3/2023,Alimentos,1,10,10,2023-03-04,3.0
827,10/25/2023,Alimentos,10,10,100,,
828,2/11/2023,Juguetes,5,30,150,2023-11-02,11.0
829,5/21/2023,Alimentos,8,10,80,,
830,10/21/2023,Electrónic,4,200,800,,
831,2/19/2023,Libros,3,20,60,,
832,7/22/2023,Juguetes,4,30,120,,
833,8/3/2023,Juguetes,6,30,180,2023-03-08,3.0
834,10/11/2023,Juguetes,7,30,210,2023-11-10,11.0
835,2/21/2023,Electrónic,9,200,1800,,
836,3/11/2023,Alimentos,8,10,80,2023-11-03,11.0
837,10/4/2023,Juguetes,3,30,90,2023-04-10,4.0
838,10/26/2023,Juguetes,10,30,300,,
839,5/17/2023,Alimentos,1,10,10,,
840,11/3/2023,Electrónic,9,200,1800,2023-03-11,3.0
841,4/14/2023,Juguetes,9,30,270,,
842,5/1/2023,Libros,4,20,80,2023-01-05,1.0
843,11/26/2023,Alimentos,1,10,10,,
844,10/11/2023,Ropa,5,50,250,2023-11-10,11.0
845,8/21/2023,Ropa,2,50,100,,
846,5/11/2023,Alimentos,7,10,70,2023-11-05,11.0
847,7/20/2023,Libros,5,20,100,,
848,6/23/2023,Electrónic,3,200,600,,
849,8/29/2023,Juguetes,7,30,210,,
850,3/13/2023,Ropa,4,50,200,,
851,5/16/2023,Juguetes,5,30,150,,
852,6/15/2023,Juguetes,1,30,30,,
853,10/9/2023,Electrónic,4,200,800,2023-09-10,9.0
854,8/25/2023,Ropa,7,50,350,,
855,6/30/2023,Juguetes,3,30,90,,
856,4/7/2023,Juguetes,5,30,150,2023-07-04,7.0
857,10/23/2023,Alimentos,4,10,40,,
858,11/30/2023,Alimentos,2,10,20,,
859,4/26/2023,Alimentos,6,10,60,,
860,1/4/2023,Ropa,6,50,300,2023-04-01,4.0
861,8/14/2023,Ropa,1,50,50,,
862,1/16/2023,Alimentos,5,10,50,,
863,9/24/2023,Alimentos,2,10,20,,
864,1/8/2023,Electrónic,2,200,400,2023-08-01,8.0
865,8/14/2023,Ropa,4,50,200,,
866,5/14/2023,Electrónic,9,200,1800,,
867,1/3/2023,Alimentos,8,10,80,2023-03-01,3.0
868,3/30/2023,Libros,4,20,80,,
869,1/24/2023,Electrónic,8,200,1600,,
870,9/11/2023,Electrónic,3,200,600,2023-11-09,11.0
871,8/31/2023,Libros,8,20,160,,
872,7/15/2023,Electrónic,6,200,1200,,
873,1/27/2023,Juguetes,3,30,90,,
874,9/12/2023,Ropa,8,50,400,2023-12-09,12.0
875,9/27/2023,Alimentos,1,10,10,,
876,8/10/2023,Alimentos,7,10,70,2023-10-08,10.0
877,3/2/2023,Juguetes,10,30,300,2023-02-03,2.0
878,1/27/2023,Alimentos,9,10,90,,
879,3/3/2023,Libros,3,20,60,2023-03-03,3.0
880,3/20/2023,Juguetes,6,30,180,,
881,2/6/2023,Juguetes,2,30,60,2023-06-02,6.0
882,3/22/2023,Libros,5,20,100,,
883,11/8/2023,Electrónic,4,200,800,2023-08-11,8.0
884,1/23/2023,Ropa,7,50,350,,
885,2/17/2023,Electrónic,7,200,1400,,
886,11/16/2023,Ropa,10,50,500,,
887,9/20/2023,Libros,9,20,180,,
888,10/17/2023,Ropa,2,50,100,,
889,7/21/2023,Libros,2,20,40,,
890,6/16/2023,Alimentos,4,10,40,,
891,9/27/2023,Alimentos,8,10,80,,
892,6/5/2023,Alimentos,3,10,30,2023-05-06,5.0
893,2/13/2023,Libros,10,20,200,,
894,4/5/2023,Ropa,10,50,500,2023-05-04,5.0
895,1/3/2023,Ropa,5,50,250,2023-03-01,3.0
896,12/31/2023,Libros,8,20,160,,
897,5/4/2023,Alimentos,4,10,40,2023-04-05,4.0
898,3/29/2023,Electrónic,3,200,600,,
899,2/24/2023,Ropa,7,50,350,,
900,5/14/2023,Ropa,5,50,250,,
901,2/2/2023,Alimentos,7,10,70,2023-02-02,2.0
902,1/11/2023,Electrónic,5,200,1000,2023-11-01,11.0
903,1/7/2023,Juguetes,4,30,120,2023-07-01,7.0
904,6/29/2023,Libros,4,20,80,,
905,7/16/2023,Libros,5,20,100,,
906,2/13/2023,Ropa,2,50,100,,
907,12/19/2023,Alimentos,3,10,30,,
908,3/18/2023,Libros,6,20,120,,
909,2/28/2023,Libros,1,20,20,,
910,4/7/2023,Libros,1,20,20,2023-07-04,7.0
911,8/31/2023,Alimentos,7,10,70,,
912,5/30/2023,Ropa,8,50,400,,
913,7/16/2023,Ropa,9,50,450,,
914,7/3/2023,Libros,5,20,100,2023-03-07,3.0
915,3/26/2023,Juguetes,7,30,210,,
916,1/11/2023,Alimentos,6,10,60,2023-11-01,11.0
917,12/3/2023,Electrónic,5,200,1000,2023-03-12,3.0
918,3/30/2023,Alimentos,10,10,100,,
919,4/14/2023,Libros,2,20,40,,
920,4/29/2023,Alimentos,4,10,40,,
921,2/5/2023,Alimentos,4,10,40,2023-05-02,5.0
922,12/7/2023,Alimentos,9,10,90,2023-07-12,7.0
923,11/20/2023,Electrónic,9,200,1800,,
924,12/29/2023,Juguetes,9,30,270,,
925,7/8/2023,Juguetes,2,30,60,2023-08-07,8.0
926,6/9/2023,Juguetes,7,30,210,2023-09-06,9.0
927,10/7/2023,Juguetes,5,30,150,2023-07-10,7.0
928,11/29/2023,Ropa,5,50,250,,
929,3/23/2023,Electrónic,3,200,600,,
930,3/27/2023,Juguetes,7,30,210,,
931,3/23/2023,Electrónic,1,200,200,,
932,1/1/2023,Alimentos,2,10,20,2023-01-01,1.0
933,3/4/2023,Electrónic,4,200,800,2023-04-03,4.0
934,7/19/2023,Ropa,1,50,50,,
935,12/26/2023,Electrónic,6,200,1200,,
936,9/28/2023,Libros,8,20,160,,
937,12/13/2023,Electrónic,2,200,400,,
938,5/25/2023,Alimentos,8,10,80,,
939,5/11/2023,Libros,9,20,180,2023-11-05,11.0
940,8/12/2023,Juguetes,5,30,150,2023-12-08,12.0
941,10/31/2023,Alimentos,8,10,80,,
942,9/5/2023,Libros,5,20,100,2023-05-09,5.0
943,4/7/2023,Juguetes,6,30,180,2023-07-04,7.0
944,4/20/2023,Juguetes,3,30,90,,
945,6/22/2023,Electrónic,7,200,1400,,
946,8/14/2023,Ropa,4,50,200,,
947,6/14/2023,Ropa,5,50,250,,
948,10/14/2023,Libros,1,20,20,,
949,2/9/2023,Electrónic,2,200,400,2023-09-02,9.0
950,6/8/2023,Libros,3,20,60,2023-08-06,8.0
951,7/10/2023,Juguetes,5,30,150,2023-10-07,10.0
952,12/17/2023,Libros,9,20,180,,
953,8/29/2023,Alimentos,9,10,90,,
954,8/20/2023,Alimentos,2,10,20,,
955,12/20/2023,Ropa,9,50,450,,
956,1/8/2023,Ropa,7,50,350,2023-08-01,8.0
957,8/19/2023,Alimentos,2,10,20,,
958,5/26/2023,Libros,3,20,60,,
959,2/9/2023,Electrónic,1,200,200,2023-09-02,9.0
960,8/6/2023,Libros,9,20,180,2023-06-08,6.0
961,2/28/2023,Electrónic,9,200,1800,,
962,2/14/2023,Electrónic,8,200,1600,,
963,2/25/2023,Libros,8,20,160,,
964,9/14/2023,Alimentos,4,10,40,,
965,1/28/2023,Ropa,8,50,400,,
966,1/27/2023,Electrónic,4,200,800,,
967,8/23/2023,Libros,8,20,160,,
968,9/24/2023,Juguetes,4,30,120,,
969,5/12/2023,Alimentos,9,10,90,2023-12-05,12.0
970,5/6/2023,Juguetes,9,30,270,2023-06-05,6.0
971,5/7/2023,Electrónic,8,200,1600,2023-07-05,7.0
972,7/23/2023,Alimentos,2,10,20,,
973,5/23/2023,Alimentos,4,10,40,,
974,5/4/2023,Alimentos,7,10,70,2023-04-05,4.0
975,8/24/2023,Ropa,6,50,300,,
976,4/9/2023,Electrónic,10,200,2000,2023-09-04,9.0
977,1/5/2023,Electrónic,2,200,400,2023-05-01,5.0
978,6/7/2023,Libros,9,20,180,2023-07-06,7.0
979,1/10/2023,Alimentos,2,10,20,2023-10-01,10.0
980,8/10/2023,Libros,6,20,120,2023-10-08,10.0
981,8/30/2023,Ropa,3,50,150,,
982,1/23/2023,Libros,5,20,100,,
983,6/15/2023,Juguetes,5,30,150,,
984,1/24/2023,Libros,7,20,140,,
985,12/2/2023,Libros,5,20,100,2023-02-12,2.0
986,9/27/2023,Ropa,6,50,300,,
987,8/26/2023,Juguetes,2,30,60,,
988,5/6/2023,Libros,7,20,140,2023-06-05,6.0
989,12/6/2023,Alimentos,10,10,100,2023-06-12,6.0
990,9/11/2023,Alimentos,6,10,60,2023-11-09,11.0
991,1/31/2023,Ropa,4,50,200,,
992,3/22/2023,Libros,1,20,20,,
993,8/12/2023,Alimentos,9,10,90,2023-12-08,12.0
994,10/29/2023,Juguetes,4,30,120,,
995,4/27/2023,Alimentos,2,10,20,,
996,6/9/2023,Ropa,10,50,500,2023-09-06,9.0
997,8/21/2023,Alimentos,8,10,80,,
998,3/28/2023,Electrónic,6,200,1200,,
999,3/7/2023,Electrónic,4,200,800,2023-07-03,7.0
0,8/25/2023,Electrónic,5,200,1000,,
1,8/14/2023,Alimentos,9,10,90,,
2,8/30/2023,Ropa,6,50,300,,
3,11/9/2023,Alimentos,2,10,20,2023-09-11,9.0
4,10/26/2023,Ropa,8,50,400,,
5,12/1/2023,Juguetes,2,30,60,2023-01-12,1.0
6,5/16/2023,Electrónic,4,200,800,,
7,2/9/2023,Libros,1,20,20,2023-09-02,9.0
8,1/9/2023,Electrónic,2,200,400,2023-09-01,9.0
9,5/3/2023,Electrónic,6,200,1200,2023-03-05,3.0
10,11/30/2023,Electrónic,5,200,1000,,
11,10/26/2023,Electrónic,1,200,200,,
12,8/22/2023,Juguetes,3,30,90,,
13,6/5/2023,Electrónic,1,200,200,2023-05-06,5.0
14,10/2/2023,Juguetes,6,30,180,2023-02-10,2.0
15,1/25/2023,Electrónic,3,200,600,,
16,5/20/2023,Ropa,4,50,200,,
17,4/29/2023,Alimentos,8,10,80,,
18,12/20/2023,Ropa,2,50,100,,
19,4/10/2023,Ropa,8,50,400,2023-10-04,10.0
20,5/19/2023,Juguetes,5,30,150,,
21,2/3/2023,Electrónic,4,200,800,2023-03-02,3.0
22,3/4/2023,Ropa,5,50,250,2023-04-03,4.0
23,11/12/2023,Juguetes,7,30,210,2023-12-11,12.0
24,5/22/2023,Libros,7,20,140,,
25,11/19/2023,Ropa,4,50,200,,
26,7/31/2023,Alimentos,6,10,60,,
27,10/11/2023,Ropa,6,50,300,2023-11-10,11.0
28,12/9/2023,Juguetes,4,30,120,2023-09-12,9.0
29,3/6/2023,Libros,9,20,180,2023-06-03,6.0
30,3/27/2023,Alimentos,1,10,10,,
31,4/23/2023,Ropa,9,50,450,,
32,5/26/2023,Electrónic,6,200,1200,,
33,1/20/2023,Juguetes,5,30,150,,
34,3/22/2023,Alimentos,9,10,90,,
35,2/26/2023,Libros,9,20,180,,
36,7/30/2023,Juguetes,1,30,30,,
37,11/18/2023,Ropa,3,50,150,,
38,6/20/2023,Libros,8,20,160,,
39,6/6/2023,Libros,3,20,60,2023-06-06,6.0
40,5/2/2023,Alimentos,5,10,50,2023-02-05,2.0
41,8/7/2023,Electrónic,9,200,1800,2023-07-08,7.0
42,11/18/2023,Juguetes,8,30,240,,
43,1/17/2023,Juguetes,8,30,240,,
44,10/10/2023,Libros,6,20,120,2023-10-10,10.0
45,9/11/2023,Juguetes,10,30,300,2023-11-09,11.0
46,1/3/2023,Juguetes,10,30,300,2023-03-01,3.0
47,11/7/2023,Alimentos,3,10,30,2023-07-11,7.0
48,8/20/2023,Electrónic,6,200,1200,,
49,7/21/2023,Juguetes,3,30,90,,
